{
  "entrypoints": [
    "main"
  ],
  "origins": {
    "42": [
      42
    ],
    "17896441": [
      869,
      401
    ],
    "61809400": [
      327
    ],
    "main": [
      354,
      869,
      792
    ],
    "runtime~main": [
      792,
      869,
      354
    ],
    "00f008e5": [
      415
    ],
    "0895e4b4": [
      764
    ],
    "0be41f50": [
      468
    ],
    "0f6ef3bb": [
      179
    ],
    "151ef09f": [
      308
    ],
    "157c47fe": [
      283
    ],
    "1df93b7f": [
      583
    ],
    "4c5d93be": [
      556
    ],
    "5e95c892": [
      647
    ],
    "6661cf28": [
      661
    ],
    "8b3a140c": [
      101
    ],
    "8fac468b": [
      482
    ],
    "906eb3b5": [
      937
    ],
    "9307fc68": [
      559
    ],
    "a4930700": [
      519
    ],
    "a58f6478": [
      336
    ],
    "a7456010": [
      235
    ],
    "a7bd4aaa": [
      98
    ],
    "a94703ab": [
      869,
      48
    ],
    "aba21aa0": [
      742
    ],
    "accb397c": [
      46
    ],
    "c7a2c082": [
      931
    ],
    "c91e6931": [
      86
    ],
    "d589d3a7": [
      924
    ],
    "df975db9": [
      29
    ],
    "e46dc5fa": [
      649
    ],
    "e79d7fd0": [
      855
    ],
    "e826328b": [
      769
    ],
    "f73c1431": [
      267
    ],
    "styles": [
      48,
      354,
      401,
      792,
      869
    ]
  },
  "assets": {
    "29": {
      "js": [
        {
          "file": "assets/js/df975db9.23302ad6.js",
          "hash": "468e6c49b6faff6f",
          "publicPath": "/fhir_fli_documentation/assets/js/df975db9.23302ad6.js"
        }
      ]
    },
    "42": {
      "js": [
        {
          "file": "assets/js/42.ece8d1b4.js",
          "hash": "6825c88e757115cf",
          "publicPath": "/fhir_fli_documentation/assets/js/42.ece8d1b4.js"
        }
      ]
    },
    "46": {
      "js": [
        {
          "file": "assets/js/accb397c.8c9496c7.js",
          "hash": "a7f4c6c604855e7e",
          "publicPath": "/fhir_fli_documentation/assets/js/accb397c.8c9496c7.js"
        }
      ]
    },
    "48": {
      "js": [
        {
          "file": "assets/js/a94703ab.b581e43f.js",
          "hash": "5cf8ff81686632e9",
          "publicPath": "/fhir_fli_documentation/assets/js/a94703ab.b581e43f.js"
        }
      ]
    },
    "86": {
      "js": [
        {
          "file": "assets/js/c91e6931.bb304a58.js",
          "hash": "362bc72b694ccbf4",
          "publicPath": "/fhir_fli_documentation/assets/js/c91e6931.bb304a58.js"
        }
      ]
    },
    "98": {
      "js": [
        {
          "file": "assets/js/a7bd4aaa.c37e7365.js",
          "hash": "f07b271796e0cf6f",
          "publicPath": "/fhir_fli_documentation/assets/js/a7bd4aaa.c37e7365.js"
        }
      ]
    },
    "101": {
      "js": [
        {
          "file": "assets/js/8b3a140c.e1f424d7.js",
          "hash": "db2e971748aa4e59",
          "publicPath": "/fhir_fli_documentation/assets/js/8b3a140c.e1f424d7.js"
        }
      ]
    },
    "179": {
      "js": [
        {
          "file": "assets/js/0f6ef3bb.43e86d92.js",
          "hash": "db5538a56f6ee291",
          "publicPath": "/fhir_fli_documentation/assets/js/0f6ef3bb.43e86d92.js"
        }
      ]
    },
    "235": {
      "js": [
        {
          "file": "assets/js/a7456010.dfa8a82d.js",
          "hash": "180eb77339f9642c",
          "publicPath": "/fhir_fli_documentation/assets/js/a7456010.dfa8a82d.js"
        }
      ]
    },
    "267": {
      "js": [
        {
          "file": "assets/js/f73c1431.54679fe0.js",
          "hash": "3af5f058b68b3aa8",
          "publicPath": "/fhir_fli_documentation/assets/js/f73c1431.54679fe0.js"
        }
      ]
    },
    "283": {
      "js": [
        {
          "file": "assets/js/157c47fe.50d84a96.js",
          "hash": "724103b8118573bf",
          "publicPath": "/fhir_fli_documentation/assets/js/157c47fe.50d84a96.js"
        }
      ]
    },
    "308": {
      "js": [
        {
          "file": "assets/js/151ef09f.14673bc9.js",
          "hash": "e3b77bf0cec96937",
          "publicPath": "/fhir_fli_documentation/assets/js/151ef09f.14673bc9.js"
        }
      ]
    },
    "327": {
      "js": [
        {
          "file": "assets/js/61809400.edaa1128.js",
          "hash": "8b6180b07807478d",
          "publicPath": "/fhir_fli_documentation/assets/js/61809400.edaa1128.js"
        }
      ]
    },
    "336": {
      "js": [
        {
          "file": "assets/js/a58f6478.d0a6e274.js",
          "hash": "99b0b11e686be156",
          "publicPath": "/fhir_fli_documentation/assets/js/a58f6478.d0a6e274.js"
        }
      ]
    },
    "354": {
      "js": [
        {
          "file": "assets/js/runtime~main.647079f5.js",
          "hash": "578aaea8801c28f8",
          "publicPath": "/fhir_fli_documentation/assets/js/runtime~main.647079f5.js"
        }
      ]
    },
    "401": {
      "js": [
        {
          "file": "assets/js/17896441.7f26fa77.js",
          "hash": "24899358f6300ba7",
          "publicPath": "/fhir_fli_documentation/assets/js/17896441.7f26fa77.js"
        }
      ]
    },
    "415": {
      "js": [
        {
          "file": "assets/js/00f008e5.64df45b5.js",
          "hash": "6159ee87b071c5c6",
          "publicPath": "/fhir_fli_documentation/assets/js/00f008e5.64df45b5.js"
        }
      ]
    },
    "468": {
      "js": [
        {
          "file": "assets/js/0be41f50.57ff1297.js",
          "hash": "93105a1272c892d6",
          "publicPath": "/fhir_fli_documentation/assets/js/0be41f50.57ff1297.js"
        }
      ]
    },
    "482": {
      "js": [
        {
          "file": "assets/js/8fac468b.23a1d021.js",
          "hash": "8bd994496bc59693",
          "publicPath": "/fhir_fli_documentation/assets/js/8fac468b.23a1d021.js"
        }
      ]
    },
    "519": {
      "js": [
        {
          "file": "assets/js/a4930700.0ba4f617.js",
          "hash": "e6080c7f314dd38f",
          "publicPath": "/fhir_fli_documentation/assets/js/a4930700.0ba4f617.js"
        }
      ]
    },
    "556": {
      "js": [
        {
          "file": "assets/js/4c5d93be.10a84d27.js",
          "hash": "0dd081275e6b1aa8",
          "publicPath": "/fhir_fli_documentation/assets/js/4c5d93be.10a84d27.js"
        }
      ]
    },
    "559": {
      "js": [
        {
          "file": "assets/js/9307fc68.bf40f714.js",
          "hash": "b1a4ebba42058bfa",
          "publicPath": "/fhir_fli_documentation/assets/js/9307fc68.bf40f714.js"
        }
      ]
    },
    "583": {
      "js": [
        {
          "file": "assets/js/1df93b7f.21d1cfc7.js",
          "hash": "636c71cf331b4191",
          "publicPath": "/fhir_fli_documentation/assets/js/1df93b7f.21d1cfc7.js"
        }
      ]
    },
    "647": {
      "js": [
        {
          "file": "assets/js/5e95c892.8cbe9a6d.js",
          "hash": "155fcab9944c4bc0",
          "publicPath": "/fhir_fli_documentation/assets/js/5e95c892.8cbe9a6d.js"
        }
      ]
    },
    "649": {
      "js": [
        {
          "file": "assets/js/e46dc5fa.8b811a79.js",
          "hash": "ef2791c152b35918",
          "publicPath": "/fhir_fli_documentation/assets/js/e46dc5fa.8b811a79.js"
        }
      ]
    },
    "661": {
      "js": [
        {
          "file": "assets/js/6661cf28.7d2b578e.js",
          "hash": "297f8399606cb860",
          "publicPath": "/fhir_fli_documentation/assets/js/6661cf28.7d2b578e.js"
        }
      ]
    },
    "742": {
      "js": [
        {
          "file": "assets/js/aba21aa0.7c5a5bcb.js",
          "hash": "49f8609061e4e36d",
          "publicPath": "/fhir_fli_documentation/assets/js/aba21aa0.7c5a5bcb.js"
        }
      ]
    },
    "764": {
      "js": [
        {
          "file": "assets/js/0895e4b4.5c64b49e.js",
          "hash": "c49f299f3264126e",
          "publicPath": "/fhir_fli_documentation/assets/js/0895e4b4.5c64b49e.js"
        }
      ]
    },
    "769": {
      "js": [
        {
          "file": "assets/js/e826328b.8be0339a.js",